id,title,district,address,type,cuisine_choices,acommodate,has_wifi,has_delivery,average_spend,promo_badge_text,accept_reservations,pre_order,catering_service,contact_number,has_Whatspp,opening_hours,closing_hours,rating,description,signature_dish,sign_dish_photo1,sign_dish_photo2,sign_dish_photo3,photo_main,photo1,photo2,photo3,photo4,photo5,photo6,is_published,list_date
1,EL Dinner,Wan Chai,"9/f, Universal House, 229-230 Gloucester Road, Wan Chai, Hong Kong",Fine Dinning,French,0,t,t,500,Buy 4 get 1 free,t,t,t,123123123,t,18:00:00,23:00:00,4.9,"",Iberico Pork,photos/2026/08/23/1504116808544.jpg,"","",photos/2026/08/23/french1.jpeg,"","","","","","",t,2026-08-23 23:46:16.097878+08
4,Japan One,Yau Tsim Mong,Tsim Sha Tsui,Japanese cuisine,Japanese,0,t,t,120,,t,t,f,78978979,t,10:00:00,23:00:00,4,"",Beef Rice Bowl,photos/2026/08/24/jpbr.jpeg,"","",photos/2026/08/24/jp1.jpeg,"","","","","","",t,2026-08-24 00:01:33.724917+08
3,Asahi,Central & Western,"B2, Jardine House, 1 Connaught Place, Central, Hong Kong",Sushi House,Japanese,0,t,t,300,spend over $2000 get 80% off,t,t,f,456456456,t,11:00:00,21:00:00,4.5,"",Sushi Platter,photos/2026/08/23/jpss_Lh0Gn1P.jpeg,"","",photos/2026/08/24/jp2.jpeg,"","","","","","",t,2026-08-23 23:56:45.966067+08
5,Ma Ma Malaysia,Kwun Tong,Tsun Yip Street,Malaysian Cuisine,Malaysian,0,t,t,80,,t,t,f,147147147,t,10:00:00,00:00:00,4.2,"",Curry Chicken Skewers,photos/2026/08/24/macs.jpeg,"","",photos/2026/08/24/ma1.jpeg,"","","","","","",t,2026-08-24 00:05:09.391751+08
6,Thai Thai Thai,Eastern,North Point,Thai Cuisine,Thai,0,t,t,200,,t,t,f,258258258,t,12:00:00,21:00:00,4.5,"",Pad Thai,photos/2026/08/24/padthai.jpeg,"","",photos/2026/08/24/thai1.jpeg,"","","","","","",t,2026-08-24 00:07:21.148866+08
7,Kong Thai,Wan Chai,Pearl City,Thai Cuisine,Thai,0,t,t,200,,t,t,f,"",t,11:00:00,23:00:00,4.8,"",Green Curry Chicken,photos/2026/08/24/thaigc.jpeg,"","",photos/2026/08/24/thai2.jpeg,"","","","","","",t,2026-08-24 00:09:58.145185+08
8,Love TaiWan,Tsuen Wan,Panda Hotel,Taiwanese Cuisine,Taiwanese,0,t,t,90,,t,t,f,369369369,t,09:00:00,21:00:00,3.8,"","","","","",photos/2026/08/24/tw1.jpeg,"","","","","","",t,2026-08-24 00:12:33.734682+08
9,Great USA,Central & Western,Lan Kwai Fong,Burger House,American,0,t,t,150,,t,t,f,321321321,t,11:00:00,21:00:00,4.8,"",Angus Beef Burger,photos/2026/08/24/usaburger.jpeg,"","",photos/2026/08/24/usa1.jpeg,"","","","","","",t,2026-08-24 00:16:39.822027+08
10,Viet Pho,Sha Tin,New Town Plaza,Vietnamese Cuisine,Vietnamese,0,t,t,100,,t,t,f,654654654,t,09:00:00,00:00:00,4.1,"",Raw Beef Pho,photos/2026/08/24/vietbrn.jpeg,"","",photos/2026/08/24/viet1.jpeg,"","","","","","",t,2026-08-24 00:19:18.790839+08
