id,title,discription,origin,package_size,type,price,photo_main,is_published,list_date
1,Vitasoy Malted Soy Milk,"",HK,1L,Drinks,13,photos/2026/08/23/vitasoymsbm.jpeg,t,2026-08-23 22:52:29.264281+08
2,Vita Lemon Tea (less sugar),"",HK,250ml x 6,Drinks,20,photos/2026/08/23/vitaltl.jpeg,t,2026-08-23 22:53:55.983091+08
3,Vita Lemon Tea,"",HK,250ml x 6,Drinks,20,photos/2026/08/23/vitalt.jpeg,t,2026-08-23 22:54:30.952937+08
4,Chicken Egg,"",TH,10 pieces,Eggs,30,"",t,2026-08-23 22:57:08.683803+08
5,Skittles Fruit Candy,"",GB,2.17oz,Candys,9,photos/2026/08/23/skittles.jpeg,t,2026-08-23 22:58:54.241873+08
6,Nissin Instant Noodle (Pork Bone Soup),"",HK,98g,Noodles,6,photos/2026/08/23/nin.jpeg,t,2026-08-23 23:02:07.06514+08
7,Samyang Instant Noodle (Spicy Chicken),"",KR,140G x 5,Noodles,48,photos/2026/08/23/kscin.jpeg,t,2026-08-23 23:05:48.305356+08
8,Calbee Potato Chips (Pizza),"",HK,90G,Chips,16,photos/2026/08/23/calpizza.jpeg,t,2026-08-23 23:09:19.891962+08
9,Cadbury Milk Chocolate,"",GB,180G,Chocolates,28,photos/2026/08/23/cadbury.jpeg,t,2026-08-23 23:14:08.735122+08
